loss,val_loss
3.487673282623291,2.0017707347869873
1.9553319215774536,1.7443820238113403
1.7931931018829346,1.6727495193481445
