epoch,L_fid,L_sim,L_c,L_extrap,total_loss,val_loss
1,4.1967416,0.3434971,0.49047273,0.0,4.6872134,1.2414334
