epoch,L_fid,L_sim,L_c,L_extrap,total_loss,val_loss
1,1.5778717,0.25184235,0.4902649,0.1410395,2.0681365,0.8463372
